{
  "benchmark_info": {
    "timestamp": "2025-07-18T17:09:02.614964",
    "num_runs": 1,
    "num_prompts": 1,
    "max_tokens": 500,
    "test_prompts": [
      "파이썬에서 리스트와 튜플의 차이점은?"
    ]
  },
  "results": {
    "pytorch": {
      "engine": "PyTorch + MPS",
      "num_runs": 1,
      "load_time": 3.127617120742798,
      "statistics": {
        "tps": {
          "mean": 7.219199734523447,
          "median": 7.219199734523447,
          "min": 7.219199734523447,
          "max": 7.219199734523447,
          "std": 0,
          "count": 1
        },
        "inference_time": {
          "mean": 33.24468207359314,
          "median": 33.24468207359314,
          "min": 33.24468207359314,
          "max": 33.24468207359314,
          "std": 0,
          "count": 1
        },
        "run_avg_tps": {
          "mean": 7.219199734523447,
          "median": 7.219199734523447,
          "min": 7.219199734523447,
          "max": 7.219199734523447,
          "std": 0,
          "count": 1
        }
      },
      "all_runs": [
        {
          "run_index": 0,
          "avg_tps": 7.219199734523447,
          "tests": [
            {
              "prompt_idx": 0,
              "prompt": "파이썬에서 리스트와 튜플의 차이점은?",
              "response": "## 파이썬 리스트와 튜플의 차이점\n\n파이썬에서 리스트와 튜플은 모두 데이터 저장에 사용되지만, 몇 가지 중요한 차이점이 있습니다.\n\n**리스트**는 변경 가능한 데이터들을 담을 수 있는 동적 배열입니다. 즉, 리스트를 생성한 후에도 데이터의 내용을 추가하거나 삭제할 수 있습니다.  리스트는 다양한 자료형(숫자, 문자열, 리스트 자체 등)을 포함할 수 있으며, 순서가 중요합니다.\n\n**튜플**은 변경 불가능한 데이터들을 담는 특별한 자료형입니다. 튜플은 생성 후에는 변경할 수 없으며, 순서가 보장됩니다. 튜플은 데이터의 무결성을 유지하는 데 유용하며, 데이터의 무결성을 보장하는 데 사용됩니다.\n\n**추가 정보:**\n\n리스트는 유연성이 뛰어나지만, 튜플은 데이터의 안전성을 높여줍니다.  데이터를 변경해야 할 때 리스트를 사용하는 것이 좋고, 데이터의 순서를 유지해야 할 때 튜플을 사용하는 것이 좋습니다.",
              "inference_time": 33.24468207359314,
              "tokens_generated": 240,
              "tps": 7.219199734523447
            }
          ]
        }
      ]
    },
    "ollama": {
      "engine": "Ollama (GGUF)",
      "num_runs": 1,
      "load_time": 0,
      "statistics": {
        "tps": {
          "mean": 102.04471735727851,
          "median": 102.04471735727851,
          "min": 102.04471735727851,
          "max": 102.04471735727851,
          "std": 0,
          "count": 1
        },
        "inference_time": {
          "mean": 4.997808933258057,
          "median": 4.997808933258057,
          "min": 4.997808933258057,
          "max": 4.997808933258057,
          "std": 0,
          "count": 1
        },
        "run_avg_tps": {
          "mean": 102.04471735727851,
          "median": 102.04471735727851,
          "min": 102.04471735727851,
          "max": 102.04471735727851,
          "std": 0,
          "count": 1
        }
      },
      "all_runs": [
        {
          "run_index": 0,
          "avg_tps": 102.04471735727851,
          "tests": [
            {
              "prompt_idx": 0,
              "prompt": "파이썬에서 리스트와 튜플의 차이점은?",
              "response": "## 파이썬 리스트와 튜플의 차이점 파이썬에서 리스트와 튜플은 데이터 저장 방식에 차이가 있습니다. 리스트는 동적으로 크기가 변할 수 있으며, 순서가 있는 데이터(예: 리스트의 요소)를 저장하는 데 적합합니다. 반면, 튜플은 미리 정해진 크기를 가지며, 순서가 유지되고 순서가 중요할 때 사용합니다. 리스트는 여러 개의 요소를 담을 수 있으며, 각 요소는 다른 리스트의 요소와 연결될 수 있습니다. 튜플은 미리 정의된 크기를 가지며, 요소는 순서대로 저장됩니다. 튜플은 리스트보다 더 효율적인 메모리 사용량을 가질 수 있으며, 복사본을 생성하지 않아 데이터의 무결성을 보장합니다. 리스트는 변경 가능한 데이터(mutable data)를 저장할 때, 튜플은 변경 불가능한 데이터(immutable data)를 저장할 때 사용합니다. 따라서, 리스트를 수정하면 기존 데이터가 변경되지 않고 새로운 데이터가 추가되므로, 데이터의 일관성을 유지하는 데 유리합니다.",
              "inference_time": 4.997808933258057,
              "tokens_generated": 510,
              "tps": 102.04471735727851,
              "internal_tps": 75.49
            }
          ]
        }
      ]
    },
    "llamacpp": {
      "engine": "llama.cpp (GGUF + Metal)",
      "num_runs": 1,
      "load_time": 0,
      "statistics": {
        "tps": {
          "mean": 120.03773023956143,
          "median": 120.03773023956143,
          "min": 120.03773023956143,
          "max": 120.03773023956143,
          "std": 0,
          "count": 1
        },
        "inference_time": {
          "mean": 4.248664140701294,
          "median": 4.248664140701294,
          "min": 4.248664140701294,
          "max": 4.248664140701294,
          "std": 0,
          "count": 1
        },
        "run_avg_tps": {
          "mean": 120.03773023956143,
          "median": 120.03773023956143,
          "min": 120.03773023956143,
          "max": 120.03773023956143,
          "std": 0,
          "count": 1
        }
      },
      "all_runs": [
        {
          "run_index": 0,
          "avg_tps": 120.03773023956143,
          "tests": [
            {
              "prompt_idx": 0,
              "prompt": "파이썬에서 리스트와 튜플의 차이점은?",
              "response": "## 파이썬 리스트와 튜플의 차이점\n\n**핵심 답변:** 리스트는 변경 가능한 순서의 데이터를 저장하는 데 사용되는 반면, 튜플은 변경 불가능한 순서의 데이터를 저장하는 데 사용됩니다. 리스트는 추가적인 데이터가 추가되거나 삭제될 수 있지만, 튜플은 변경할 수 없습니다.\n\n**상세 설명:** 리스트는 여러 개의 값을 담고 있는 연속적인 목록을 나타내며, 데이터가 변경될 수 있습니다. 반면, 튜플은 순서가 보장되는 자료구조로, 변경할 수 없으며, 데이터의 무결성을 유지하는 데 유용합니다. 튜플은 리스트와 유사하지만, 데이터가 변경될 수 없다는 점이 핵심적인 차이점입니다.\n\n**추가 정보:** 튜플은 리스트와 동일한 데이터 구조를 가지므로, 리스트를 사용하는 경우 튜플로 변환하여 사용하면 데이터의 일관성을 유지할 수 있습니다. 또한, 튜플은 리스트보다 메모리 사용량이 적어 효율적인 데이터 관리에 활용될 수 있습니다. [end of text]",
              "inference_time": 4.248664140701294,
              "tokens_generated": 510,
              "tps": 120.03773023956143,
              "internal_tps": 2439.2
            }
          ]
        }
      ]
    }
  },
  "summary": {
    "pytorch": {
      "engine_name": "PyTorch + MPS",
      "avg_tps": 7.219199734523447,
      "tps_std": 0,
      "tps_range": [
        7.219199734523447,
        7.219199734523447
      ],
      "relative_performance": 1.0
    },
    "ollama": {
      "engine_name": "Ollama (GGUF)",
      "avg_tps": 102.04471735727851,
      "tps_std": 0,
      "tps_range": [
        102.04471735727851,
        102.04471735727851
      ],
      "relative_performance": 14.135184107634982
    },
    "llamacpp": {
      "engine_name": "llama.cpp (GGUF + Metal)",
      "avg_tps": 120.03773023956143,
      "tps_std": 0,
      "tps_range": [
        120.03773023956143,
        120.03773023956143
      ],
      "relative_performance": 16.627567411041486
    }
  }
}